id,volt_A,deg_A,volt_B,deg_B,volt_C,deg_C
1,1.0,0.0,1.0,-120.0,1.0,120.0
2,0.98708,-0.34,0.99169,-120.34,0.98905,119.63
3,0.93573,-3.69,0.94451,-123.48,0.93924,116.39
4,0.79845,-9.07,0.85824,-128.32,0.82469,110.86
